{
  "sections": {
    "vc-hero": {
      "type": "vc-hero",
      "settings": {
        "headline": "Discover Viral Products That Actually Work",
        "subheadline": "Join thousands of satisfied customers who found their next favorite product",
        "cta_text": "Shop Now",
        "cta_link": "/collections/all",
        "show_trust_line": true,
        "trust_item_1": "Free returns",
        "trust_item_2": "Secure checkout",
        "trust_item_3": "Fast support",
        "show_scroll_hint": true
      }
    },
    "vc-benefits": {
      "type": "vc-benefits",
      "blocks": {
        "benefit_1": {
          "type": "benefit",
          "settings": {
            "icon": "🚀",
            "title": "Fast Shipping",
            "text": "Quick delivery to your door"
          }
        },
        "benefit_2": {
          "type": "benefit",
          "settings": {
            "icon": "✅",
            "title": "Tested Products",
            "text": "Viral products verified by thousands"
          }
        },
        "benefit_3": {
          "type": "benefit",
          "settings": {
            "icon": "🔒",
            "title": "Secure Checkout",
            "text": "Your payment is 100% protected"
          }
        },
        "benefit_4": {
          "type": "benefit",
          "settings": {
            "icon": "💬",
            "title": "Fast Support",
            "text": "We're here to help when you need us"
          }
        }
      }
    },
    "vc-trending-row": {
      "type": "vc-trending-row",
      "settings": {
        "title": "Trending Now",
        "collection": "",
        "max_products": 10
      }
    },
    "vc-collection-grid": {
      "type": "vc-collection-grid",
      "settings": {
        "title": "Best Sellers",
        "collection": "",
        "product_limit": 8
      }
    },
    "vc-testimonials": {
      "type": "vc-testimonials",
      "blocks": {
        "testimonial_1": {
          "type": "testimonial",
          "settings": {
            "quote": "Great product, fast shipping, exactly as described.",
            "author": "Customer"
          }
        },
        "testimonial_2": {
          "type": "testimonial",
          "settings": {
            "quote": "Really happy with my purchase. Would recommend.",
            "author": "Customer"
          }
        },
        "testimonial_3": {
          "type": "testimonial",
          "settings": {
            "quote": "Quality product and excellent customer service.",
            "author": "Customer"
          }
        }
      }
    },
    "vc-faq": {
      "type": "vc-faq",
      "settings": {
        "title": "Frequently Asked Questions"
      },
      "blocks": {
        "faq_1": {
          "type": "faq",
          "settings": {
            "question": "How long does shipping take?",
            "answer": "We offer fast shipping options. Standard shipping typically takes 5-7 business days. Express shipping is available at checkout for faster delivery."
          }
        },
        "faq_2": {
          "type": "faq",
          "settings": {
            "question": "What is your return policy?",
            "answer": "We offer a 30-day money-back guarantee. If you're not satisfied with your purchase, you can return it for a full refund. Items must be in original condition."
          }
        },
        "faq_3": {
          "type": "faq",
          "settings": {
            "question": "Is checkout secure?",
            "answer": "Yes, all payments are processed securely through Shopify's encrypted checkout system. We never store your payment information."
          }
        }
      }
    }
  },
  "order": [
    "vc-hero",
    "vc-benefits",
    "vc-trending-row",
    "vc-collection-grid",
    "vc-testimonials",
    "vc-faq"
  ]
}
